[
  { "Date": "03/01/2024", "ProductName": "קפה הפוך", "Category": 6, "Amount": "14" },
  { "Date": "05/01/2024", "ProductName": "קרואסון שוקולד", "Category": 5, "Amount": "15" },
  { "Date": "08/01/2024", "ProductName": "ארוחת בוקר ישראלית", "Category": 1, "Amount": "48" },
  { "Date": "11/01/2024", "ProductName": "כריך טונה", "Category": 2, "Amount": "34" },
  { "Date": "14/01/2024", "ProductName": "טוסט גבינות", "Category": 3, "Amount": "36" },
  { "Date": "18/01/2024", "ProductName": "סלט יווני", "Category": 4, "Amount": "42" },
  { "Date": "22/01/2024", "ProductName": "בורקס גבינה", "Category": 5, "Amount": "16" },

  { "Date": "02/02/2024", "ProductName": "קפה הפוך", "Category": 6, "Amount": "14" },
  { "Date": "05/02/2024", "ProductName": "ארוחת בוקר טבעונית", "Category": 1, "Amount": "46" },
  { "Date": "08/02/2024", "ProductName": "כריך מוצרלה", "Category": 2, "Amount": "36" },
  { "Date": "11/02/2024", "ProductName": "טוסט פסטו", "Category": 3, "Amount": "34" },
  { "Date": "15/02/2024", "ProductName": "סלט קינואה", "Category": 4, "Amount": "44" },
  { "Date": "19/02/2024", "ProductName": "קרואסון שוקולד", "Category": 5, "Amount": "15" },
  { "Date": "24/02/2024", "ProductName": "מיץ תפוזים", "Category": 6, "Amount": "16" },

  { "Date": "03/03/2024", "ProductName": "ארוחת בוקר ישראלית", "Category": 1, "Amount": "48" },
  { "Date": "06/03/2024", "ProductName": "כריך טונה", "Category": 2, "Amount": "34" },
  { "Date": "09/03/2024", "ProductName": "טוסט פיצה", "Category": 3, "Amount": "32" },
  { "Date": "13/03/2024", "ProductName": "סלט קיסר", "Category": 4, "Amount": "46" },
  { "Date": "18/03/2024", "ProductName": "בורקס גבינה", "Category": 5, "Amount": "16" },
  { "Date": "24/03/2024", "ProductName": "קפה הפוך", "Category": 6, "Amount": "14" }
]
